{
    "loss": 0.9474482536315918,
    "accuracy": 0.6899999976158142
}