{
    "loss": 1.0400724411010742,
    "accuracy": 0.7250000238418579
}